{
  "main": {
    "id": "7756f104caa2af84",
    "type": "split",
    "children": [
      {
        "id": "aa81e7c0d2fb9ab4",
        "type": "tabs",
        "children": [
          {
            "id": "6c521b5570b450cc",
            "type": "leaf",
            "state": {
              "type": "markdown",
              "state": {
                "file": "Bases de Datos/SQL.md",
                "mode": "source",
                "source": false
              }
            }
          },
          {
            "id": "1e404bb98347e657",
            "type": "leaf",
            "state": {
              "type": "markdown",
              "state": {
                "file": "bash/GestionLinux/Tr.md",
                "mode": "source",
                "source": false
              }
            }
          }
        ]
      }
    ],
    "direction": "vertical"
  },
  "left": {
    "id": "173703b5d8429739",
    "type": "split",
    "children": [
      {
        "id": "3d37da66eff1959e",
        "type": "tabs",
        "children": [
          {
            "id": "b50d75743606b2fa",
            "type": "leaf",
            "state": {
              "type": "file-explorer",
              "state": {
                "sortOrder": "alphabetical"
              }
            }
          },
          {
            "id": "acc1c6ec97440949",
            "type": "leaf",
            "state": {
              "type": "search",
              "state": {
                "query": "rpcclie",
                "matchingCase": true,
                "explainSearch": false,
                "collapseAll": false,
                "extraContext": false,
                "sortOrder": "alphabetical"
              }
            }
          },
          {
            "id": "32feea7fd2be2f00",
            "type": "leaf",
            "state": {
              "type": "bookmarks",
              "state": {}
            }
          }
        ]
      }
    ],
    "direction": "horizontal",
    "width": 300
  },
  "right": {
    "id": "fea7d941e56966cc",
    "type": "split",
    "children": [
      {
        "id": "bccf2515454b5697",
        "type": "tabs",
        "children": [
          {
            "id": "9f96c6188727ac21",
            "type": "leaf",
            "state": {
              "type": "backlink",
              "state": {
                "file": "Bases de Datos/SQL.md",
                "collapseAll": false,
                "extraContext": false,
                "sortOrder": "alphabetical",
                "showSearch": false,
                "searchQuery": "",
                "backlinkCollapsed": false,
                "unlinkedCollapsed": true
              }
            }
          },
          {
            "id": "b9b7e9c851180d99",
            "type": "leaf",
            "state": {
              "type": "outgoing-link",
              "state": {
                "file": "Bases de Datos/SQL.md",
                "linksCollapsed": false,
                "unlinkedCollapsed": true
              }
            }
          },
          {
            "id": "5457d2b7c2c2e5e3",
            "type": "leaf",
            "state": {
              "type": "tag",
              "state": {
                "sortOrder": "frequency",
                "useHierarchy": true
              }
            }
          },
          {
            "id": "870032b8ed83db5e",
            "type": "leaf",
            "state": {
              "type": "outline",
              "state": {
                "file": "Bases de Datos/SQL.md"
              }
            }
          }
        ]
      }
    ],
    "direction": "horizontal",
    "width": 300,
    "collapsed": true
  },
  "left-ribbon": {
    "hiddenItems": {
      "switcher:Abrir selector rápido": false,
      "graph:Abrir vista gráfica": false,
      "canvas:Crear nuevo lienzo": false,
      "daily-notes:Abrir la nota de hoy": false,
      "templates:Insertar plantilla": false,
      "command-palette:Abrir paleta de comandos": false
    }
  },
  "active": "b50d75743606b2fa",
  "lastOpenFiles": [
    "Windows/Comandos.md",
    "Windows/Powershell.md",
    "Reconocimiento/Fuzzing/Ffuf.md",
    "CTFsPropias/NewMachine.md",
    "Linux/Compartir archivos.md",
    "Activie Directory/PrivilegeEscalation/Enumeracion escalada de privilegios.md",
    "Activie Directory/PrivilegeEscalation/DnsAdmin.md",
    "Activie Directory/PrivilegeEscalation/AdPeas.md",
    "Activie Directory/Tools/bloodhound.md",
    "Activie Directory/Tools/BloodHaund.md",
    "imgs/Pasted image 20240725153754.png",
    "Activie Directory/Impacket/Impacket-mssqlclient.md",
    "Activie Directory/Tools/Rpc-client.md",
    "imgs/Pasted image 20240725145421.png",
    "bash/GestionLinux/Tr.md",
    "bash/GestionLinux/De mayus a minus.md",
    "imgs/Pasted image 20240725131448.png",
    "bash/GestionLinux/Secuenciadores.md",
    "imgs/Pasted image 20240725023725.png",
    "Activie Directory/Tools/Powermad.md",
    "imgs/Pasted image 20240723145124.png",
    "imgs/Pasted image 20240723142638.png",
    "imgs/Pasted image 20240723125334.png",
    "imgs/Pasted image 20240723124221.png",
    "Activie Directory/ldap.md",
    "imgs/Pasted image 20240723122701.png",
    "imgs/Pasted image 20240722004159.png",
    "Activie Directory/Tools/ldapdomaindump.md",
    "Activie Directory/Impacket/Impacket-getNPUsers.md",
    "Activie Directory/Impacket/impacket-GetUsersSPNs.md",
    "Hacking/Web/SSRF.md",
    "machines/htb/Forest.md",
    "BugBounty/Metodologia.md",
    "Hacking/privilege scalation/Python hijacking.md",
    "Activie Directory/Metodologia AD.md",
    "Activie Directory/PrivilegeEscalation/SeImpersonatePrivilege.md",
    "Activie Directory/Sin nombre",
    "BugBounty/JWT",
    "BugBounty/Xss",
    "Sin nombre",
    "Sin título",
    "Activie Directory/PrivilegeEscalation/Sin título",
    "Activie Directory/PrivilegeEscalation",
    "BugBounty/Sin título",
    "BugBounty",
    "Activie Directory/Metodologia",
    "Sin título.canvas"
  ]
}